text,clean_text
National free root beer float day is tomorrow at A&amp;W from 2pm-close!! Help support the Wounded Warrior Project with donations!! :),national free root beer float day tomorrow w pm-close help support wounded warrior project donation
The Storm Prediction Center has expanded the 'Slight Risk' area to include more of central NC. #TWCNews #ncwx http://t.co/DgBeH5L9DS,storm prediction center expanded 'slight risk area include central nc
let's play the floor is lava but instead of just the floor let's play with the whole world and never get out of bed http://t.co/aKQ4RwjFVL,let u play floor lava instead floor let u play whole world never get bed
I chose you so if we can search for the joy of just the two of us WeÛªll be near smiles no matter what cold flames burn our bod #PortgassDK,chose search joy two u well near smile matter cold flame burn bod
Let it be gone away like a dust in the wind .... Big Wind like a Tornado with Blizzard Thunder and Storm its that what I always want it,let gone away like dust wind .... big wind like tornado blizzard thunder storm always want
Investigators shift focus to cause of fatal Waimate fire http://t.co/aDSvDpNP3r,investigator shift focus fatal waimate fire
A Marshall Plan for the United States by Dambisa Moyo via @ProSyn #oped http://t.co/GnPStnvi5G via @po_st,marshall plan united state dambisa moyo po_st
Volunteers needed to participate in Emergency Preparedness drill simulating a bioterrorism disaster: http://t.co/NWV2RvGHf3 @HVnewsnetwork,volunteer needed participate emergency preparedness drill simulating bioterrorism disaster hvnewsnetwork
Why does my phone electrocute me when it's charging,doe phone electrocute charging
Kids Disappear in Dust Storm in Atmospheric Aussie Thriller http://t.co/TPOaprJudp RT @Newz_Sacramento,kid disappear dust storm atmospheric aussie thriller rt newz_sacramento
Accident in #Ashville on US 23 SB before SR 752 #traffic http://t.co/hylMo0WgFI,accident u sb sr
Thankful for our first responders especially @MNPDNashville for life saving response today in Antioch!,thankful first responder especially life saving response today antioch
Man accused in fatal hit-and-run to get new judge http://t.co/j3Rtf2dt3X via @KHQA,man accused fatal hit-and-run get new judge khqa
The number of security officials killed by PKK in terror attacks since the Suruc suicide bombing has reached 22 https://t.co/OpJwuNUvG8,number security official killed pkk terror attack since suruc suicide bombing reached
Praise God that we have ministry that tells it like it is!!! #now #wdyouth #biblestudy https://t.co/UjK0e5GBcC,praise god ministry tell like
I liked a @YouTube video from @jeromekem http://t.co/Nq89drydbU DJ Hazard - Death Sport,liked video dj hazard death sport
i'm sorry i'm so wild in 1d shows like in my wwa show niall started singing steal my girl I literally screamed shut the fuck up,sorry wild show like wwa show niall started singing steal girl literally screamed shut fuck
He better than Sean bro. I can admit that Sean is flames now. But he better than Sean https://t.co/aomQ1RYKmJ,better sean bro admit sean flame better sean
The ship has arrived safely. So it was quite unnecessary to sign the waiver that we won't sue Microsoft if any hijacking occurred.,ship arrived safely quite unnecessary sign waiver sue microsoft hijacking occurred
@KlaraJoelsson Well I have seen it now! That's a bummer. We've had this heat wave tho... 43'c!! I'd prefer the rain... :P,well seen bummer heat wave tho c would prefer rain p
